subscriptionNumber,name,expirationDate,term
1,Joly Knowlden,9/15/2022,j
2,Darlleen Malinson,9/14/2022,j
3,Devan Simner,12/22/2022,j
4,Michaeline Stendell,11/15/2022,j
5,Guss Leggin,2/22/2022,m
6,Halsey Fink,12/14/2022,k
7,Corbett Millis,10/29/2022,j
8,Audrye Pascoe,12/1/2022,j
9,Brocky Guilbert,8/14/2022,j
10,Catha State,2/11/2022,k
11,Estel Loughan,9/27/2022,m
12,Lilia Sawell,6/21/2022,k
13,Bordie Lohmeyer,6/12/2022,j
14,Paxon Akeherst,1/21/2022,j
15,Joela Rideout,7/5/2022,j
16,Dillie Cartin,3/25/2022,m
17,Nataniel Toe,1/25/2023,j
18,Gustaf Medcraft,8/4/2022,m
19,Nataline Hawson,11/29/2022,m
20,Sheri Juara,6/7/2022,j
21,Kelci McDougle,9/30/2022,m
22,Cherry Hincks,8/25/2022,j
23,Fairfax Coppledike,7/25/2022,j
24,Antone Sales,6/11/2022,k
25,Janna Izod,3/16/2022,m
26,Lorenza Krahl,1/11/2023,k
27,Elly Matthewes,3/31/2022,m
28,Marcellus Berrisford,8/11/2022,k
29,Allin Harrop,8/8/2022,m
30,Gabriella MacDonald,7/20/2022,j
31,Tedmund Ericssen,8/17/2022,m
32,Lilia Bodker,7/14/2022,j
33,Bidget Asling,1/29/2022,m
34,Alvira Eakins,1/24/2022,m
35,Angie Fydoe,5/17/2022,j
36,Jaymee Deegan,10/29/2022,j
37,Clair Villiers,1/22/2023,m
38,Fanni Stotherfield,10/2/2022,k
39,Raff Marcos,9/28/2022,j
40,Borden Delacroux,2/14/2022,j
41,Rodger Mundall,2/19/2023,k
42,Davina Grayshon,12/16/2022,j
43,Lynette Loder,12/9/2022,k
44,Trumann Pullen,6/2/2022,m
45,Cozmo Willers,4/9/2022,j
46,Emelita Goldine,2/21/2022,m
47,Sonny Hannaway,9/13/2022,j
48,Christian Beetles,1/10/2022,j
49,Lenora Kolakowski,3/9/2022,j
50,Barrett McCroft,8/20/2022,m
51,Gabe Whalley,5/1/2022,m
52,Veda Leimster,10/29/2022,m
53,Ramona Tortoishell,5/6/2022,m
54,Guido Stanway,1/24/2023,j
55,Isabella Fairfoull,11/12/2022,j
56,Bea Greeson,3/16/2022,m
57,Morly Penhale,6/27/2022,j
58,Zebedee McGillreich,5/18/2022,k
59,Stavro Castiglioni,5/18/2022,j
60,Karol Copsey,1/28/2022,m
61,Aprilette Cobbled,2/8/2023,m
62,Marvin Steeden,11/2/2022,k
63,Nert Siggery,1/7/2023,k
64,Calla Lattie,1/22/2023,k
65,Bryn Grosvenor,8/15/2022,m
66,Osborne Biglin,2/14/2023,j
67,Edy Bowditch,6/4/2022,j
68,Marty Statton,1/28/2023,m
69,Dore Glantz,11/19/2022,m
70,Dwayne Dandie,7/6/2022,k
71,Morganica Gasticke,10/17/2022,m
72,Ceciley Matelyunas,4/7/2022,k
73,Bailey Halliday,4/3/2022,m
74,Jena Dumbleton,1/21/2022,j
75,Kiersten Carabine,8/28/2022,k
76,Mayer Wakeman,2/4/2023,m
77,Shepherd Claris,3/7/2022,j
78,Nester McKinney,9/25/2022,k
79,Farand Cessford,3/26/2022,m
80,Ron Sandell,6/19/2022,k
81,Mallory Littell,4/2/2022,j
82,Beatrix Ast,4/26/2022,j
83,Gordy Malloch,4/21/2022,j
84,Tyler Bree,10/4/2022,j
85,Candice Gladtbach,1/4/2023,j
86,Lura Marshall,1/10/2022,j
87,Kaia Grouer,2/3/2023,j
88,Netta Muldrew,1/18/2022,k
89,Ami McClosh,1/23/2023,m
90,Fletch Eubank,2/2/2022,m
91,Nettle Guerrier,9/13/2022,k
92,Zaccaria Hardware,9/1/2022,k
93,Elane Strudwick,12/16/2022,j
94,Shae Cannon,2/23/2022,k
95,Patrick Enevoldsen,6/26/2022,m
96,Ahmed Elnaugh,5/16/2022,j
97,Trudie Rive,8/21/2022,k
98,Chrysa Blazey,2/11/2023,j
99,Jarid Carabine,8/19/2022,k
100,Dukey Deane,8/19/2022,m
101,Lindsay Infante,5/14/2022,j
102,Kiele Banbury,12/9/2022,k
103,Orelee Delia,1/31/2022,j
104,Ursala Jimmison,1/7/2022,k
105,Ernst Plowes,12/23/2022,j
106,Hunter Warrender,2/22/2023,m
107,Muriel Farrier,4/30/2022,m
108,Ive Polsin,8/4/2022,m
109,Madelina Alyoshin,10/14/2022,j
110,Giacopo Peterffy,6/8/2022,m
111,Melodee Featherstonhalgh,7/15/2022,j
112,Leontyne Fike,12/18/2022,m
113,Maurise Kelshaw,8/8/2022,m
114,Ardenia Snazle,2/5/2022,m
115,Florri Elven,7/11/2022,j
116,Moe Manclark,2/18/2023,k
117,Kacy Elwin,5/1/2022,j
118,Caddric Milmo,3/5/2022,j
119,Carie Anstie,7/22/2022,m
120,Lydia Catford,2/10/2022,k
121,Gabriello Marshal,10/8/2022,j
122,Claudian Gebby,1/23/2023,j
123,Dotty Grissett,6/25/2022,j
124,Leeanne Christofol,9/3/2022,j
125,Amabel Waudby,10/29/2022,j
126,Lexi McNirlan,11/23/2022,j
127,Aila Mitie,6/18/2022,k
128,Obed Hallock,10/16/2022,j
129,Brier Offell,8/16/2022,m
130,Kaila Glancey,7/7/2022,j
131,Rica Fackney,6/29/2022,k
132,Jacquelyn O'Halligan,8/15/2022,k
133,Carree Shear,6/16/2022,m
134,Patten Baldin,9/13/2022,m
135,Trevor Olner,11/24/2022,j
136,Jobie Kubach,3/30/2022,m
137,Harold Staddom,3/13/2022,j
138,Josi Lanchbury,9/25/2022,j
139,Carolynn Mitchel,8/30/2022,j
140,Ealasaid Sangwin,1/16/2023,m
141,Cristi Robelet,2/3/2023,m
142,Padget Flaunders,2/22/2022,k
143,Georgette Stoltz,1/31/2022,m
144,Carleton Pappin,6/12/2022,j
145,Falkner Kapelhof,12/13/2022,j
146,Ricki Purry,7/4/2022,j
147,Jilly Sparsholt,6/27/2022,j
148,Birgit Millichap,5/30/2022,k
149,Rinaldo Chesnay,7/17/2022,m
150,Padraic Lowes,2/23/2023,k
151,Othilia Hallett,5/8/2022,j
152,Cheri Verrill,7/18/2022,j
153,Murdoch Yakunchikov,9/27/2022,j
154,Birk Vala,9/6/2022,m
155,Parnell Rowler,6/21/2022,j
156,Camellia Grigoroni,2/3/2023,m
157,Weber Quartermaine,8/7/2022,m
158,Stillman Bayston,12/5/2022,j
159,Freemon Bezley,10/2/2022,j
160,Gram McKerlie,6/4/2022,k
161,Averyl Holton,3/8/2022,k
162,Kathe Hayden,8/21/2022,j
163,Cherilyn Newall,4/18/2022,j
164,Gallagher Rosentholer,9/1/2022,k
165,Brennen Saintpierre,1/16/2023,j
166,Lauritz Aslet,7/7/2022,j
167,Rikki Panchin,5/21/2022,m
168,Peirce Bucklee,9/17/2022,j
169,Amye Coveny,2/6/2023,j
170,Angel Charlson,4/5/2022,k
171,Trescha Dominichetti,11/1/2022,k
172,Holden Derx,9/15/2022,j
173,Zilvia Slowly,3/13/2022,k
174,Laurence Dungate,2/18/2023,j
175,Feliks Brammall,11/24/2022,j
176,Timmi Tingly,6/1/2022,j
177,Moselle O'Meara,3/12/2022,k
178,Matthiew Raeburn,1/28/2023,k
179,Justina Grimes,9/3/2022,m
180,Reggy Sparrowhawk,4/1/2022,k
181,Regan Sacchetti,2/12/2023,k
182,Mirabella Vines,1/24/2022,k
183,Basile Hustings,2/25/2023,j
184,Gauthier Peeters,2/4/2023,j
185,Rolph Wealleans,5/23/2022,k
186,Devonna Kidman,8/27/2022,j
187,Martyn Freeberne,2/12/2022,k
188,Donia Ferrillio,5/22/2022,j
189,Edith Dunckley,6/13/2022,j
190,Rob Windley,5/19/2022,k
191,Dael Eckley,5/18/2022,j
192,Moshe Farrance,12/9/2022,k
193,Hildagard Loffill,9/1/2022,j
194,Inglebert Lulham,12/8/2022,k
195,Webb Suddaby,2/18/2023,k
196,Nancee Sotham,1/11/2023,m
197,Colline Vyvyan,2/23/2022,k
198,Gianina Hiskey,9/2/2022,j
199,Chrissy Adriani,3/2/2022,j
200,Byran Karpinski,6/3/2022,j
201,Lonni Crawley,1/7/2023,k
202,Rozelle Walden,5/5/2022,j
203,Godiva Pollins,1/29/2023,k
204,Cordelia Paschke,3/25/2022,j
205,Stormy Perazzo,10/18/2022,m
206,Viva Biasio,7/12/2022,j
207,La verne Coxhell,3/18/2022,j
208,Paige Kirkbright,6/24/2022,j
209,Amby Annakin,9/14/2022,m
210,Manda Lissaman,1/11/2023,j
211,Jarrad Quilligan,6/15/2022,j
212,Giusto Label,7/31/2022,j
213,Hoyt Irvin,10/5/2022,k
214,Maye Rosencrantz,12/22/2022,j
215,Betteanne Peppard,3/7/2022,j
216,Jessi Woan,2/26/2023,k
217,Rosabella Haburne,5/22/2022,j
218,Rianon Rangall,9/2/2022,k
219,Robbyn Rutt,7/9/2022,j
220,Yale Brusby,12/3/2022,j
221,Nerty Jack,2/18/2023,k
222,Ashley Heymes,1/19/2022,j
223,Durant Rance,12/13/2022,j
224,Fran Dobbie,2/12/2022,j
225,Hinze Eggleston,10/28/2022,k
226,Estella Beel,8/13/2022,m
227,Izabel Gudgeon,12/17/2022,m
228,Claudio McKelloch,1/18/2023,k
229,Marinna Tirone,11/24/2022,j
230,Gabie Holdall,9/15/2022,j
231,Eldridge Bimson,10/4/2022,j
232,Genia Heffy,10/9/2022,m
233,Kiele Besset,8/20/2022,k
234,Ely Dewar,2/6/2023,k
235,Ogdon Steutly,8/11/2022,j
236,Killian Dymidowicz,8/18/2022,j
237,Danielle Blunderfield,11/9/2022,j
238,Onofredo Ewles,7/1/2022,j
239,Estel Szreter,12/13/2022,m
240,Terrance Sterke,12/6/2022,k
241,Klarrisa Poff,11/26/2022,m
242,Michaela Ciric,9/26/2022,k
243,Chalmers Chesman,2/4/2022,k
244,Mariel Kindon,9/10/2022,m
245,Carlyle Forst,10/21/2022,j
246,Alleyn Hebron,1/7/2023,k
247,Liliane Simpson,11/17/2022,j
248,Melany Smiths,10/31/2022,k
249,Noelle Armer,1/17/2022,j
250,Johna Shubotham,9/3/2022,k
251,Lombard Spadeck,1/31/2023,m
252,Matthus Janovsky,2/8/2022,k
253,Paulo Van de Vlies,1/9/2022,j
254,Wash de Vaen,5/24/2022,j
255,Atalanta Sirey,6/30/2022,k
256,Filmer Garlee,4/23/2022,k
257,Ludovico Jurewicz,8/2/2022,k
258,Marthena Cinnamond,12/26/2022,k
259,Jarvis Higgoe,1/4/2023,j
260,Gerty Giacopazzi,9/9/2022,j
261,Emmie Maystone,3/31/2022,j
262,Pauletta Niccolls,3/9/2022,j
263,Kay Marchant,7/14/2022,j
264,Thibaud Eade,2/7/2023,j
265,Cristal Gales,9/10/2022,j
266,Fey Ephson,9/24/2022,j
267,Petrina Heiss,6/10/2022,j
268,Bernelle Di Bernardo,7/17/2022,m
269,Abe Snowden,4/21/2022,j
270,Carmita Iffe,2/6/2023,k
271,Kippie Kobel,8/1/2022,j
272,Cordy Dimitrov,1/9/2022,j
273,Leticia Celes,9/27/2022,k
274,Niel Deviney,2/28/2022,j
275,Mohammed Blowfelde,10/4/2022,j
276,Dierdre McCambridge,9/7/2022,j
277,Brock Iozefovich,8/14/2022,j
278,Inez Sarrell,11/22/2022,j
279,Anabel Tunesi,2/7/2022,m
280,Shannan Cayzer,10/25/2022,m
281,Carmine Bunston,5/25/2022,j
282,Veronica Kendal,7/17/2022,m
283,Garrik O'Noulane,3/14/2022,m
284,Imogene Lodin,12/25/2022,k
285,Gerry Illem,11/24/2022,j
286,Augusto Kopacek,1/20/2022,j
287,Chelsea Risborough,11/21/2022,j
288,Kaycee Walne,3/24/2022,m
289,Sidoney Cattle,7/27/2022,m
290,Obadias Arguile,10/27/2022,j
291,Prissie Thurby,2/7/2023,j
292,Latisha Gerok,2/7/2023,j
293,Shirl Mor,1/8/2023,k
294,Salim Yanin,9/15/2022,m
295,Gerry Lanaway,7/1/2022,j
296,Augy O'Coskerry,4/27/2022,m
297,Theresita Dinsmore,6/10/2022,j
298,Penny Brignell,8/4/2022,j
299,Eustacia Yashin,7/3/2022,j
300,Dominique Oen,1/20/2023,j
301,Ricky Romushkin,7/14/2022,j
302,Haleigh Osler,9/13/2022,j
303,Christy Meenehan,5/24/2022,j
304,Leese Grishechkin,11/4/2022,k
305,Hurleigh Hillam,12/23/2022,m
306,Beau Jaffray,1/23/2023,k
307,Gunther Georg,11/24/2022,j
308,Dorree Heijne,4/5/2022,j
309,Hattie Yelland,12/1/2022,j
310,Gareth Pixton,11/3/2022,m
311,Berk Amys,9/3/2022,m
312,Sol Ferrand,3/11/2022,j
313,Shena Vaud,10/19/2022,m
314,Hamilton Heckner,7/20/2022,j
315,Toma Southerden,1/2/2023,k
316,Alf Selvester,11/27/2022,j
317,Orv Ruzic,9/22/2022,m
318,Gerard Ellgood,4/25/2022,k
319,Guido Endle,2/9/2022,k
320,Cyrille Pulteneye,5/12/2022,m
321,Rayna Halm,10/12/2022,k
322,Allayne Jakubowsky,4/22/2022,m
323,Jeana Berney,12/30/2022,j
324,Flinn Belcham,7/26/2022,m
325,Deck Aubert,5/14/2022,j
326,Filide Leal,4/18/2022,m
327,Darin Gauler,2/5/2023,j
328,Louella Mcsarry,1/10/2023,m
329,Claudette Crews,9/16/2022,k
330,Olivier Leger,1/6/2022,k
331,Brad Chishull,3/13/2022,k
332,Damiano Spinage,2/4/2022,m
333,Junie Eslinger,3/12/2022,m
334,Alida Hamley,5/17/2022,j
335,Violante Clacson,6/7/2022,j
336,Whitby Dilleston,6/1/2022,j
337,Welch Spybey,9/17/2022,k
338,Sauncho Srawley,8/2/2022,j
339,Joel Beevens,4/6/2022,j
340,Filia Beenham,8/1/2022,k
341,Hasheem Ableson,10/1/2022,j
342,Chanda Wimbury,6/25/2022,k
343,Mose Fluit,10/19/2022,k
344,Leroy Holbarrow,1/14/2022,j
345,Ariela Curragh,2/15/2022,j
346,Noel Tassell,7/2/2022,j
347,Vassily Quaintance,4/20/2022,j
348,Lisetta Ostick,9/20/2022,k
349,Natividad Disley,11/3/2022,m
350,Saloma Devenport,7/22/2022,m
351,Tamqrah Burdis,12/19/2022,k
352,Tera Sambell,6/8/2022,k
353,Carson Myderscough,1/31/2022,j
354,Alfons Mott,1/8/2022,m
355,Sylas Dowgill,11/23/2022,m
356,Farlee Clixby,1/13/2023,j
357,Philipa Billham,1/24/2023,j
358,Kordula McCrystal,1/2/2023,m
359,Terrijo Abbot,12/2/2022,j
360,Ozzy Matous,4/27/2022,j
361,Jaynell Krolak,7/9/2022,j
362,Bar Morrallee,1/2/2022,j
363,Arleta Papaminas,8/19/2022,k
364,Irving Rosenbaum,7/10/2022,m
365,Herman Thominga,2/7/2022,j
366,Thea Askem,1/18/2022,k
367,Ruthi Geraldini,9/3/2022,k
368,Ilene Blick,5/15/2022,m
369,Margaret Leese,1/3/2023,k
370,Yorgos Breslauer,5/22/2022,m
371,Ken Henmarsh,1/12/2023,j
372,Ara Scarsbrick,11/26/2022,m
373,Lamar Eddison,4/13/2022,k
374,Bail Chessil,3/16/2022,m
375,Margaux Probetts,9/11/2022,k
376,Angelika Blazej,1/11/2022,m
377,Ginevra Passy,8/17/2022,m
378,Bell Awin,4/19/2022,k
379,Janeczka Vivers,6/20/2022,m
380,Rory Todarini,11/26/2022,k
381,Clo Shirt,7/2/2022,k
382,Berkley Rydings,11/3/2022,k
383,Auroora Copozio,10/19/2022,k
384,Neala Ottawell,7/25/2022,j
385,Arnie Presidey,2/8/2023,m
386,Remy Rought,6/15/2022,j
387,Beverlie Wellstead,7/27/2022,m
388,Mylo Edgworth,11/21/2022,j
389,Brynn Cammish,11/8/2022,j
390,Lynn Addess,1/18/2022,j
391,Isis Quakley,3/24/2022,j
392,Tommy Itzig,10/23/2022,k
393,Nicholas Wards,6/12/2022,j
394,Emmye Garm,7/24/2022,m
395,Fielding Riley,12/6/2022,j
396,Tyrus Lafee,4/21/2022,j
397,Jackqueline Emmott,7/3/2022,m
398,Garwin Perott,12/14/2022,m
399,Lacy Schollick,1/11/2022,k
400,Dallis Shearstone,5/17/2022,j
401,Kristien Geck,8/28/2022,k
402,Jimmy Jermy,8/15/2022,m
403,Eadmund Burgoyne,2/17/2023,m
404,Helga Hynson,2/7/2023,j
405,Grover Alflat,6/10/2022,k
406,Rubie Ivasyushkin,7/20/2022,k
407,Stanislaw Vowden,6/28/2022,j
408,Fran Rubinovici,1/12/2023,j
409,Leela Bentson,1/19/2023,j
410,Daffie Khan,1/13/2022,j
411,Rozella Coffelt,10/31/2022,j
412,Conny Piotrkowski,2/5/2022,j
413,Danella Lemmens,11/1/2022,j
414,Angel Duns,2/17/2022,j
415,Annecorinne Shavel,10/19/2022,k
416,Hayley Lennon,3/14/2022,j
417,Ora Breese,5/18/2022,j
418,Deb Peggram,6/26/2022,k
419,Ashely Lownds,6/14/2022,j
420,Neil Curror,7/10/2022,j
421,Leonelle Drance,4/6/2022,j
422,Alva Doerffer,2/16/2023,k
423,Herminia Schmidt,4/27/2022,k
424,Jeffrey Rapier,1/11/2023,j
425,Ave Nosworthy,10/16/2022,k
426,Demetris Dundredge,4/19/2022,k
427,Riane Bolzen,6/25/2022,k
428,Burgess Gorham,9/29/2022,j
429,Clark Playhill,8/31/2022,k
430,Lin Gowdie,7/17/2022,j
431,Debee Kopfen,10/29/2022,j
432,Derward Bownes,9/29/2022,m
433,Conrad Vakhrushev,9/6/2022,k
434,Mozelle Drife,2/9/2022,k
435,Vick Pache,5/28/2022,k
436,Annemarie Lancetter,4/7/2022,m
437,Kelly Malins,5/11/2022,j
438,Johnnie Oneal,8/1/2022,j
439,Karie Atyeo,5/7/2022,m
440,Jodi Krienke,2/10/2023,j
441,Kora Saipy,12/30/2022,m
442,Hedvige Melhuish,4/5/2022,m
443,Leshia Crippell,6/4/2022,m
444,Jana Bohman,2/5/2022,m
445,Jacinthe Sumsion,12/19/2022,j
446,Kinnie Dockrill,12/30/2022,j
447,Saloma Jewes,1/19/2023,m
448,Karel Linke,2/1/2022,m
449,Bernie Poll,12/19/2022,j
450,Alwyn Bolsover,10/6/2022,m
451,Willdon Shotter,4/30/2022,j
452,Doria Windram,2/25/2022,j
453,Sammie Quene,12/13/2022,j
454,Elijah Origan,1/5/2022,m
455,Darcy Leber,1/3/2022,m
456,Lana Sorro,10/21/2022,j
457,Sephira Marcam,2/11/2023,k
458,Pauletta Oby,1/25/2023,j
459,Abbot Freckelton,1/16/2023,j
460,Jayne Rodda,1/25/2023,m
461,Lorie Ferries,9/7/2022,j
462,Kitty Cattonnet,10/8/2022,k
463,Artair Horrell,12/17/2022,k
464,Galen Boas,10/7/2022,m
465,Jilleen Goford,8/26/2022,k
466,Lawry Paver,5/27/2022,j
467,Edyth Buzine,3/9/2022,m
468,Niall Cleugher,5/27/2022,j
469,Perice Cescotti,7/8/2022,j
470,Taddeusz Malcolmson,12/5/2022,j
471,Mignon Jubb,10/23/2022,k
472,Beilul Gwinn,2/9/2022,m
473,Andreas Zotto,11/12/2022,j
474,Valentia Rowberry,7/1/2022,j
475,Gussy Nyles,3/9/2022,j
476,Candy Wick,1/8/2022,k
477,Bridget Ciobotaro,3/4/2022,m
478,Parsifal Jervis,2/4/2022,j
479,Megan Harmes,3/27/2022,m
480,Diann Applegate,1/12/2023,j
481,Millicent Boom,1/6/2022,m
482,Fancy Farrey,9/2/2022,j
483,Dulsea Janodet,2/18/2023,m
484,Doe Millin,4/9/2022,m
485,Dalia Masedon,1/4/2022,j
486,Chantal Lydiard,2/10/2023,j
487,Westbrook Fanthome,5/23/2022,k
488,Lavena Hurd,2/12/2022,k
489,Tiphany Pakes,2/10/2023,j
490,Emanuele Rushby,7/22/2022,j
491,Werner Fouldes,9/14/2022,k
492,Slade Vequaud,9/5/2022,k
493,Bamby Forber,10/30/2022,k
494,Sinclare Reuther,1/12/2022,j
495,Raynard Jagels,9/25/2022,m
496,Tyrone Corsham,2/3/2023,j
497,Ki Kelberman,8/24/2022,k
498,Reggy Dunthorn,8/16/2022,j
499,Saloma Epton,2/15/2023,j
500,Regan Rattray,3/10/2022,k
